City_ID,City,Country,Date,Lat,Lng,Max Temp,Humidity,Cloudiness,Wind Speed,Current Weather,Rain inches (last 3 hrs),Snow inches (last 3 hrs)
0,Nikolskoye,RU,2019-11-16 01:31:09,59.7,30.79,39.2,80,90,8.95,overcast clouds,0.0,0.0
1,Yellowknife,CA,2019-11-16 01:31:09,62.45,-114.38,12.2,85,90,6.93,light snow,0.0,0.0
2,Beipiao,CN,2019-11-16 01:31:09,41.8,120.76,30.47,23,0,6.62,clear sky,0.0,0.0
3,Eyl,SO,2019-11-16 01:31:09,7.98,49.82,78.8,80,0,22.01,clear sky,0.0,0.0
4,Hobart,AU,2019-11-16 01:31:10,-42.88,147.33,60.01,35,40,24.16,scattered clouds,0.0,0.0
5,Padang,ID,2019-11-16 01:31:10,-0.92,100.36,75.94,84,84,1.88,light rain,0.88,0.0
6,Lethem,GY,2019-11-16 01:31:10,3.38,-59.8,81.05,70,87,11.7,light rain,1.19,0.0
7,Busselton,AU,2019-11-16 01:31:10,-33.64,115.35,87.01,28,0,2.44,clear sky,0.0,0.0
8,Vila Franca Do Campo,PT,2019-11-16 01:31:11,37.72,-25.43,60.8,59,75,6.93,broken clouds,0.0,0.0
9,Comodoro Rivadavia,AR,2019-11-16 01:31:11,-45.87,-67.48,62.6,25,100,26.4,overcast clouds,0.0,0.0
10,Punta Arenas,CL,2019-11-16 01:31:11,-53.16,-70.91,48.2,66,40,12.75,scattered clouds,0.0,0.0
11,Port Elizabeth,US,2019-11-16 01:31:12,39.31,-74.98,46.4,74,1,3.36,clear sky,0.0,0.0
12,Kandi,BJ,2019-11-16 01:31:12,11.13,2.93,75.34,31,100,1.77,overcast clouds,0.0,0.0
13,Provideniya,RU,2019-11-16 01:31:12,64.42,-173.23,21.36,93,100,18.34,light snow,0.0,0.25
14,Jamestown,AU,2019-11-16 01:31:12,-33.21,138.6,72.93,19,0,8.16,clear sky,0.0,0.0
15,Ribeira Grande,PT,2019-11-16 01:31:13,38.52,-28.7,58.03,66,51,1.92,broken clouds,0.0,0.0
16,Cape Town,ZA,2019-11-16 01:30:18,-33.93,18.42,69.01,72,20,21.92,few clouds,0.0,0.0
17,Umm Kaddadah,SD,2019-11-16 01:31:13,13.6,26.69,76.01,36,6,16.69,clear sky,0.0,0.0
18,Mataura,NZ,2019-11-16 01:31:13,-46.19,168.86,50.0,93,84,10.0,light rain,2.69,0.0
19,Alto Araguaia,BR,2019-11-16 01:31:14,-17.32,-53.22,69.33,88,100,1.5,overcast clouds,0.0,0.0
20,Yanam,IN,2019-11-16 01:31:14,16.73,82.22,77.0,83,5,6.93,mist,0.0,0.0
21,Mahebourg,MU,2019-11-16 01:31:14,-20.41,57.7,75.2,69,75,12.75,broken clouds,0.0,0.0
22,Reconquista,AR,2019-11-16 01:31:14,-29.14,-59.64,64.67,63,0,5.68,clear sky,0.0,0.0
23,Ketchikan,US,2019-11-16 01:30:24,55.34,-131.65,48.2,93,90,17.22,moderate rain,0.0,0.0
24,Bluff,AU,2019-11-16 01:31:15,-23.58,149.07,95.32,20,0,9.13,clear sky,0.0,0.0
25,Hilo,US,2019-11-16 01:30:52,19.71,-155.08,84.2,62,90,6.93,overcast clouds,0.0,0.0
26,Butaritari,KI,2019-11-16 01:31:15,3.07,172.79,82.53,72,100,3.11,light rain,1.0,0.0
27,Rundu,NA,2019-11-16 01:31:15,-17.91,19.77,80.6,47,33,3.36,scattered clouds,0.0,0.0
28,Moroni,GR,2019-11-16 01:31:16,35.09,24.92,62.01,87,20,5.82,few clouds,0.0,0.0
29,Bilma,NE,2019-11-16 01:31:16,18.69,12.92,72.16,20,0,6.67,clear sky,0.0,0.0
30,East London,ZA,2019-11-16 01:31:16,-33.02,27.91,66.25,84,8,3.62,clear sky,0.0,0.0
31,Hermanus,ZA,2019-11-16 01:31:16,-34.42,19.24,68.0,93,100,4.0,light rain,0.81,0.0
32,Aswan,EG,2019-11-16 01:31:17,24.09,32.9,68.0,42,42,11.41,scattered clouds,0.0,0.0
33,Tual,ID,2019-11-16 01:31:17,-5.67,132.75,83.26,74,100,2.84,overcast clouds,0.0,0.0
34,Puerto Ayora,EC,2019-11-16 01:31:17,-0.74,-90.35,75.2,69,75,9.17,broken clouds,0.0,0.0
35,Sambava,MG,2019-11-16 01:31:18,-14.27,50.17,73.67,92,12,1.52,few clouds,0.0,0.0
36,Bredasdorp,ZA,2019-11-16 01:31:18,-34.53,20.04,64.4,88,82,2.24,light rain,1.5,0.0
37,Pandamatenga,BW,2019-11-16 01:31:18,-18.54,25.64,69.51,80,79,7.09,broken clouds,0.0,0.0
38,Parana,BR,2019-11-16 01:31:18,-7.52,-72.89,72.55,99,100,2.44,overcast clouds,0.0,0.0
39,Ust-Ordynskiy,RU,2019-11-16 01:31:18,52.8,104.75,5.0,84,90,15.66,light shower snow,0.0,0.0
40,Mandal,MN,2019-11-16 01:31:19,48.82,106.5,10.33,92,100,4.85,light snow,0.0,1.31
41,Rikitea,PF,2019-11-16 01:31:19,-23.12,-134.97,73.29,83,94,20.92,overcast clouds,0.0,0.0
42,Chicama,PE,2019-11-16 01:31:19,-7.84,-79.15,64.4,88,90,8.05,mist,0.0,0.0
43,Ahuimanu,US,2019-11-16 01:31:19,21.44,-157.84,84.2,66,20,9.17,few clouds,0.0,0.0
44,Vaini,IN,2019-11-16 01:31:20,15.34,74.49,68.0,94,6,3.36,clear sky,0.0,0.0
45,Dingle,PH,2019-11-16 01:31:20,11.0,122.67,78.55,89,100,4.45,light rain,1.75,0.0
46,Tasiilaq,GL,2019-11-16 01:31:20,65.61,-37.64,30.2,63,100,12.75,light snow,0.0,0.31
47,Torbay,CA,2019-11-16 01:31:20,47.66,-52.73,39.0,80,90,19.46,overcast clouds,0.0,0.0
48,Mercedes,UY,2019-11-16 01:26:52,-33.25,-58.03,72.0,57,0,4.0,clear sky,0.0,0.0
49,Ambilobe,MG,2019-11-16 01:31:21,-13.19,49.05,79.0,75,0,10.2,clear sky,0.0,0.0
50,Cidreira,BR,2019-11-16 01:31:21,-30.17,-50.22,68.14,77,33,14.63,light rain,0.31,0.0
51,Atuona,PF,2019-11-16 01:31:21,-9.8,-139.03,79.99,74,44,14.79,scattered clouds,0.0,0.0
52,Hithadhoo,MV,2019-11-16 01:31:21,-0.6,73.08,82.83,73,98,15.48,moderate rain,4.06,0.0
53,Ballina,IE,2019-11-16 01:31:22,54.11,-9.15,37.99,99,84,2.01,broken clouds,0.0,0.0
54,Saint-Philippe,CA,2019-11-16 01:31:22,45.36,-73.48,28.99,53,1,21.92,light snow,0.0,0.0
55,Tateyama,JP,2019-11-16 01:31:22,36.66,137.31,53.01,81,75,3.36,light intensity shower rain,0.0,0.0
56,Carnarvon,ZA,2019-11-16 01:31:22,-30.97,22.13,58.71,51,0,7.49,clear sky,0.0,0.0
57,Acapulco,MX,2019-11-16 01:27:25,16.86,-99.88,82.4,74,75,9.17,broken clouds,0.0,0.0
58,Ust-Kuyga,RU,2019-11-16 01:31:23,70.0,135.55,-18.92,99,100,2.51,overcast clouds,0.0,0.0
59,Wolsztyn,PL,2019-11-16 01:31:23,52.11,16.12,48.99,93,45,13.87,scattered clouds,0.0,0.0
60,Kruisfontein,ZA,2019-11-16 01:31:23,-34.0,24.73,61.93,90,98,5.91,light rain,0.13,0.0
61,Leh,IN,2019-11-16 01:31:23,34.16,77.58,17.69,90,100,2.66,light snow,0.0,0.44
62,Yulara,AU,2019-11-16 01:31:23,-25.24,130.99,87.8,10,0,12.75,clear sky,0.0,0.0
63,Sur,OM,2019-11-16 01:31:24,22.57,59.53,70.14,40,0,3.0,clear sky,0.0,0.0
64,Katsuura,JP,2019-11-16 01:31:24,33.93,134.5,64.99,50,20,6.93,few clouds,0.0,0.0
65,Albany,US,2019-11-16 01:29:32,42.65,-73.75,41.0,60,90,10.29,overcast clouds,0.0,0.0
66,Komsomolskiy,RU,2019-11-16 01:31:24,67.55,63.78,19.15,97,100,11.34,snow,0.0,2.69
67,Hambantota,LK,2019-11-16 01:31:24,6.12,81.12,75.2,100,40,2.24,scattered clouds,0.0,0.0
68,Tiksi,RU,2019-11-16 01:31:25,71.64,128.87,-6.74,99,32,2.75,scattered clouds,0.0,0.0
69,Gasa,BT,2019-11-16 01:31:25,27.91,89.73,35.64,31,0,1.5,clear sky,0.0,0.0
70,Bosaso,SO,2019-11-16 01:31:25,11.28,49.18,79.38,76,0,15.95,clear sky,0.0,0.0
71,Kununurra,AU,2019-11-16 01:31:25,-15.77,128.74,93.2,49,32,5.82,scattered clouds,0.0,0.0
72,Nyakabindi,TZ,2019-11-16 01:31:25,-2.63,33.98,64.4,83,100,3.71,overcast clouds,0.0,0.0
73,Cherskiy,RU,2019-11-16 01:31:26,68.75,161.3,5.34,90,100,2.26,overcast clouds,0.0,0.0
74,Kloulklubed,PW,2019-11-16 01:31:26,7.04,134.26,82.4,83,90,5.82,overcast clouds,0.0,0.0
75,Abonnema,NG,2019-11-16 01:31:26,4.71,6.79,77.94,89,100,3.31,light rain,1.69,0.0
76,Grand-Santi,GF,2019-11-16 01:31:27,4.27,-54.38,72.66,98,16,1.23,light rain,1.31,0.0
77,Faanui,PF,2019-11-16 01:31:27,-16.48,-151.75,79.38,82,9,18.34,clear sky,0.0,0.0
78,Ushuaia,AR,2019-11-16 01:31:27,-54.81,-68.31,42.8,93,20,8.05,few clouds,0.0,0.0
79,Mount Gambier,AU,2019-11-16 01:30:17,-37.83,140.78,55.4,62,90,11.41,overcast clouds,0.0,0.0
80,Castro,CL,2019-11-16 01:31:27,-42.48,-73.76,51.8,87,33,10.29,scattered clouds,0.0,0.0
81,Ponta Do Sol,BR,2019-11-16 01:31:28,-20.63,-46.0,64.8,94,100,0.92,overcast clouds,0.0,0.0
82,Tuktoyaktuk,CA,2019-11-16 01:31:28,69.44,-133.03,-7.6,76,75,6.93,light snow,0.0,0.0
83,Chernyshevskiy,RU,2019-11-16 01:31:28,63.01,112.47,-13.88,91,99,5.37,overcast clouds,0.0,0.0
84,Thompson,CA,2019-11-16 01:31:28,55.74,-97.86,6.8,71,90,4.7,light snow,0.0,0.0
85,Mantua,IT,2019-11-16 01:31:28,45.16,10.79,51.01,100,75,2.24,fog,0.0,0.0
86,Georgetown,GY,2019-11-16 01:27:28,6.8,-58.16,82.4,78,40,4.7,scattered clouds,0.0,0.0
87,Fairbanks,US,2019-11-16 01:30:37,64.84,-147.72,7.0,50,90,12.75,overcast clouds,0.0,0.0
88,Mazyr,BY,2019-11-16 01:31:29,52.05,29.27,38.17,85,73,8.25,broken clouds,0.0,0.0
89,Haines Junction,CA,2019-11-16 01:31:29,60.75,-137.51,31.14,97,100,7.05,light snow,0.0,0.94
90,Kapaa,US,2019-11-16 01:31:29,22.08,-159.32,82.4,83,40,6.93,scattered clouds,0.0,0.0
91,Antanifotsy,MG,2019-11-16 01:31:30,-19.66,47.32,61.84,92,97,3.65,overcast clouds,0.0,0.0
92,Homer,US,2019-11-16 01:31:30,59.64,-151.54,44.01,93,90,4.7,moderate rain,0.0,0.0
93,Barrow,AR,2019-11-16 01:31:30,-38.31,-60.23,68.97,43,67,8.63,broken clouds,0.0,0.0
94,Ukiah,US,2019-11-16 01:31:30,39.15,-123.21,64.0,67,1,6.93,clear sky,0.0,0.0
95,Bolshoye Murashkino,RU,2019-11-16 01:31:31,55.78,44.78,31.66,83,100,10.78,overcast clouds,0.0,0.0
96,Pacific Grove,US,2019-11-16 01:31:31,36.62,-121.92,63.0,77,90,4.7,overcast clouds,0.0,0.0
97,Faya,SA,2019-11-16 01:31:31,18.39,42.45,55.4,76,9,1.12,clear sky,0.0,0.0
98,Saskylakh,RU,2019-11-16 01:31:31,71.97,114.09,-12.6,96,95,6.44,overcast clouds,0.0,0.0
99,Tabuk,PH,2019-11-16 01:31:31,17.41,121.44,80.28,79,4,15.79,light rain,0.44,0.0
100,Svetlogorsk,RU,2019-11-16 01:31:32,53.14,59.15,37.4,37,40,8.95,scattered clouds,0.0,0.0
101,Dagana,MR,2019-11-16 01:31:32,16.52,-15.51,77.0,53,67,7.65,broken clouds,0.0,0.0
102,Puerto Baquerizo Moreno,EC,2019-11-16 01:31:32,-0.9,-89.6,71.6,83,75,10.29,broken clouds,0.0,0.0
103,Kaitangata,NZ,2019-11-16 01:31:32,-46.28,169.85,55.0,84,43,5.01,light rain,2.63,0.0
104,Calabozo,VE,2019-11-16 01:27:09,8.92,-67.43,78.48,77,39,4.05,scattered clouds,0.0,0.0
105,Khatanga,RU,2019-11-16 01:31:33,71.98,102.47,-12.08,95,83,3.62,broken clouds,0.0,0.0
106,Lavrentiya,RU,2019-11-16 01:31:33,65.58,-170.99,25.74,76,52,24.54,broken clouds,0.0,0.0
107,Avera,US,2019-11-16 01:31:33,33.19,-82.53,48.2,100,90,11.41,light intensity drizzle,0.0,0.0
108,Pakxe,LA,2019-11-16 01:31:34,15.12,105.78,73.4,88,20,2.24,mist,0.0,0.0
109,Tucuman,PE,2019-11-16 01:31:34,-17.17,-70.89,51.53,79,0,2.82,clear sky,0.0,0.0
110,Kodinsk,RU,2019-11-16 01:31:34,58.6,99.18,-13.36,79,100,2.53,overcast clouds,0.0,0.0
111,Jardim,BR,2019-11-16 01:31:34,-21.48,-56.15,68.85,59,6,3.0,clear sky,0.0,0.0
112,Batemans Bay,AU,2019-11-16 01:31:34,-35.71,150.18,72.0,36,20,3.0,few clouds,0.06,0.0
113,Angoche,MZ,2019-11-16 01:31:35,-16.23,39.91,78.06,74,57,3.38,broken clouds,0.0,0.0
114,The Valley,AI,2019-11-16 01:27:14,18.22,-63.06,82.0,78,20,4.7,few clouds,0.0,0.0
115,Buraydah,SA,2019-11-16 01:31:35,26.33,43.97,62.6,93,75,2.24,broken clouds,0.0,0.0
116,Namibe,AO,2019-11-16 01:31:36,-15.19,12.15,71.74,75,83,14.7,broken clouds,0.0,0.0
117,Punta Alta,AR,2019-11-16 01:31:36,-27.46,-55.82,71.6,46,0,5.82,clear sky,0.0,0.0
118,Leticia,CO,2019-11-16 01:31:36,-4.21,-69.94,73.4,100,75,1.95,broken clouds,0.0,0.0
119,Iset,RU,2019-11-16 01:31:36,53.85,105.98,0.5,69,100,7.43,overcast clouds,0.0,0.0
120,Fort Walton Beach,US,2019-11-16 01:31:36,30.41,-86.62,55.0,71,90,20.8,overcast clouds,0.0,0.0
121,Sakaiminato,JP,2019-11-16 01:31:37,35.55,133.23,59.0,82,75,3.36,light intensity shower rain,0.0,0.0
122,Vostok,RU,2019-11-16 01:31:37,46.45,135.83,4.26,69,100,17.63,light snow,0.0,0.13
123,Norman Wells,CA,2019-11-16 01:31:37,65.28,-126.83,-4.0,76,90,17.22,light snow,0.0,0.0
124,Cabo San Lucas,MX,2019-11-16 01:30:03,22.89,-109.91,78.01,73,5,2.1,clear sky,0.0,0.0
125,Chokurdakh,RU,2019-11-16 01:31:38,70.62,147.9,-4.2,98,94,4.83,light snow,0.0,0.13
126,Saint George,GR,2019-11-16 01:31:38,39.45,22.34,54.84,74,95,1.07,overcast clouds,0.0,0.0
127,Avarua,CK,2019-11-16 01:31:38,-21.21,-159.78,80.6,78,2,13.87,light rain,2.75,0.0
128,Esperance,AU,2019-11-16 01:31:39,-33.86,121.89,69.8,52,0,13.87,clear sky,0.0,0.0
129,Necochea,AR,2019-11-16 01:31:39,-38.55,-58.74,71.01,78,92,14.0,overcast clouds,0.0,0.0
130,Ixtapa,MX,2019-11-16 01:31:39,20.71,-105.21,82.4,74,90,4.7,overcast clouds,0.0,0.0
131,Kavaratti,IN,2019-11-16 01:31:39,10.57,72.64,82.22,76,100,10.47,overcast clouds,0.0,0.0
132,George Town,MY,2019-11-16 01:31:39,5.42,100.33,80.6,88,75,3.36,broken clouds,0.0,0.0
133,Vao,EE,2019-11-16 01:31:40,59.1,26.19,37.4,96,100,5.93,light rain,0.5,0.0
134,Te Anau,NZ,2019-11-16 01:31:40,-45.41,167.72,47.03,79,80,9.19,light rain,2.13,0.0
135,Talnakh,RU,2019-11-16 01:31:40,69.49,88.39,-9.4,76,0,4.47,clear sky,0.0,0.0
136,Qaanaaq,GL,2019-11-16 01:31:41,77.48,-69.36,5.85,77,100,14.99,overcast clouds,0.0,0.0
137,Rodrigues Alves,BR,2019-11-16 01:31:41,-7.74,-72.65,72.9,98,100,3.04,overcast clouds,0.0,0.0
138,Port Alfred,ZA,2019-11-16 01:31:41,-33.59,26.89,62.01,95,0,8.66,clear sky,0.0,0.0
139,Chuy,UY,2019-11-16 01:31:41,-33.69,-53.46,57.16,90,0,1.86,clear sky,0.0,0.0
140,Kahului,US,2019-11-16 01:31:08,20.89,-156.47,86.0,62,40,10.29,scattered clouds,0.0,0.0
141,Ranong,TH,2019-11-16 01:31:42,9.96,98.62,80.6,88,40,3.36,scattered clouds,0.0,0.0
142,Arraial Do Cabo,BR,2019-11-16 01:31:42,-22.97,-42.02,72.05,88,100,18.07,overcast clouds,0.0,0.0
143,Lebu,ET,2019-11-16 01:31:42,8.96,38.73,55.4,71,40,2.24,scattered clouds,0.0,0.0
144,Nurota,UZ,2019-11-16 01:31:42,40.56,65.69,33.8,64,100,2.24,overcast clouds,0.0,0.0
145,Tautira,PF,2019-11-16 01:31:43,-17.73,-149.15,84.2,66,40,11.41,scattered clouds,0.0,0.0
146,Maua,KE,2019-11-16 01:31:43,0.23,37.94,67.6,84,73,4.16,broken clouds,0.0,0.0
147,Maraa,BR,2019-11-16 01:31:43,-1.83,-65.37,74.25,93,99,2.3,overcast clouds,0.0,0.0
148,Bethel,US,2019-11-16 01:31:43,60.79,-161.76,15.8,72,1,23.04,clear sky,0.0,0.0
149,Caravelas,BR,2019-11-16 01:31:44,-17.73,-39.27,73.26,94,100,4.03,moderate rain,7.06,0.0
150,Ancud,CL,2019-11-16 01:26:44,-41.87,-73.83,51.8,87,50,10.29,scattered clouds,0.0,0.0
151,San Patricio,PY,2019-11-16 01:31:44,-26.98,-56.83,60.89,65,0,4.63,clear sky,0.0,0.0
152,Clyde River,CA,2019-11-16 01:31:44,70.47,-68.59,19.4,73,75,19.46,broken clouds,0.0,0.0
153,Winnemucca,US,2019-11-16 01:31:45,40.97,-117.74,53.6,27,40,4.7,scattered clouds,0.0,0.0
154,Menongue,AO,2019-11-16 01:31:45,-14.66,17.68,63.88,95,100,4.38,overcast clouds,0.0,0.0
155,Lewistown,US,2019-11-16 01:31:45,40.39,-90.15,35.6,80,1,5.57,clear sky,0.0,0.0
156,Aykhal,RU,2019-11-16 01:31:45,65.95,111.51,-13.0,91,90,4.47,snow,0.0,0.0
157,Farmington,US,2019-11-16 01:29:28,36.73,-108.21,51.8,18,1,3.36,clear sky,0.0,0.0
158,Huarmey,PE,2019-11-16 01:31:46,-10.07,-78.15,61.5,88,100,2.59,overcast clouds,0.0,0.0
159,Coquimbo,CL,2019-11-16 01:31:46,-29.95,-71.34,57.2,93,75,8.05,broken clouds,0.0,0.0
160,Dali,CN,2019-11-16 01:31:46,34.79,109.94,60.37,32,67,15.12,broken clouds,0.0,0.0
161,Atambua,ID,2019-11-16 01:31:47,-9.11,124.89,88.39,50,46,5.93,scattered clouds,0.0,0.0
162,Husavik,CA,2019-11-16 01:31:47,50.56,-96.99,25.0,69,99,1.99,overcast clouds,0.0,0.0
163,Zalantun,CN,2019-11-16 01:31:47,48.0,122.72,17.19,29,0,17.13,clear sky,0.0,0.0
164,Chandler,US,2019-11-16 01:30:39,33.31,-111.84,77.0,23,1,6.93,clear sky,0.0,0.0
165,Masterton,NZ,2019-11-16 01:31:48,-40.95,175.66,70.0,66,100,11.01,overcast clouds,0.0,0.0
166,Carutapera,BR,2019-11-16 01:31:48,-1.2,-46.02,80.89,80,11,17.76,few clouds,0.0,0.0
167,Luderitz,NA,2019-11-16 01:31:48,-26.65,15.16,64.4,77,83,13.87,broken clouds,0.0,0.0
168,Shenxian,CN,2019-11-16 01:31:49,36.24,115.67,57.54,47,0,7.99,clear sky,0.0,0.0
169,Suruc,TR,2019-11-16 01:31:49,36.98,38.42,57.2,38,22,4.7,few clouds,0.0,0.0
170,Myitkyina,MM,2019-11-16 01:31:49,25.38,97.4,78.62,50,2,0.76,clear sky,0.0,0.0
171,Pisco,PE,2019-11-16 01:29:00,-13.71,-76.2,66.2,88,90,9.17,overcast clouds,0.0,0.0
172,Almaznyy,RU,2019-11-16 01:31:50,48.03,40.04,39.2,86,40,24.61,scattered clouds,0.0,0.0
173,Hays,US,2019-11-16 01:31:17,38.88,-99.33,51.8,43,1,14.99,clear sky,0.0,0.0
174,Great Falls,US,2019-11-16 01:31:50,47.5,-111.29,55.99,40,90,17.22,overcast clouds,0.0,0.0
175,Airai,TL,2019-11-16 01:31:51,-8.93,125.41,87.93,27,9,10.04,clear sky,0.0,0.0
176,Pangnirtung,CA,2019-11-16 01:31:51,66.15,-65.72,10.58,70,10,7.14,clear sky,0.0,0.0
177,Hervey Bay,AU,2019-11-16 01:31:51,-25.3,152.85,87.01,51,0,12.75,clear sky,0.0,0.0
178,Victor Harbor,AU,2019-11-16 01:31:51,-35.55,138.62,64.0,44,75,16.11,broken clouds,0.0,0.0
179,Suamico,US,2019-11-16 01:31:52,44.63,-88.04,30.2,68,1,6.53,clear sky,0.0,0.0
180,Nanortalik,GL,2019-11-16 01:31:52,60.14,-45.24,30.87,71,97,7.45,light snow,0.0,0.5
181,Saldanha,PT,2019-11-16 01:31:52,41.42,-6.55,35.17,93,10,4.16,clear sky,0.0,0.0
182,Windhoek,NA,2019-11-16 01:29:25,-22.57,17.08,73.4,23,0,6.93,clear sky,0.0,0.0
183,Port Augusta,AU,2019-11-16 01:31:52,-32.49,137.76,63.0,55,40,12.75,scattered clouds,0.0,0.0
184,Upernavik,GL,2019-11-16 01:31:53,72.79,-56.15,25.59,94,100,15.95,light snow,0.0,1.5
185,Bambari,CF,2019-11-16 01:31:53,5.77,20.68,73.27,73,99,1.36,overcast clouds,0.0,0.0
186,Rivne,UA,2019-11-16 01:31:53,50.62,26.25,46.99,96,35,1.99,scattered clouds,0.0,0.0
187,Gat,SN,2019-11-16 01:31:53,14.69,-16.54,77.0,88,100,5.82,overcast clouds,0.0,0.0
188,Lakselv,NO,2019-11-16 01:31:53,70.05,24.96,30.2,80,23,11.41,few clouds,0.0,0.0
189,Berlevag,NO,2019-11-16 01:31:54,70.86,29.09,36.46,64,100,8.86,light snow,0.0,0.13
190,Klyuchi,RU,2019-11-16 01:31:54,52.25,79.17,2.08,68,9,6.6,clear sky,0.0,0.0
191,Bambous Virieux,MU,2019-11-16 01:31:54,-20.34,57.76,75.2,69,75,12.75,broken clouds,0.0,0.0
192,Guerrero Negro,MX,2019-11-16 01:31:55,27.97,-114.04,65.82,85,72,10.25,broken clouds,0.0,0.0
193,Rognan,NO,2019-11-16 01:31:55,67.1,15.4,39.2,85,40,11.41,scattered clouds,0.0,0.0
194,Portales,US,2019-11-16 01:31:55,34.19,-103.33,51.8,29,1,8.05,clear sky,0.0,0.0
195,Bulgan,MN,2019-11-16 01:31:55,48.81,103.53,4.06,92,100,12.59,light snow,0.0,1.19
196,Wewak,PG,2019-11-16 01:31:55,-3.55,143.63,84.56,70,98,6.22,overcast clouds,0.0,0.0
197,Broken Hill,AU,2019-11-16 01:31:56,-31.97,141.45,66.2,42,8,9.17,clear sky,0.0,0.0
198,Karakol,KG,2019-11-16 01:31:56,42.49,78.39,29.43,50,18,6.15,few clouds,0.0,0.0
199,Ilulissat,GL,2019-11-16 01:31:56,69.22,-51.1,28.4,74,96,12.75,overcast clouds,0.0,0.0
200,Dwarka,IN,2019-11-16 01:31:56,28.58,77.04,64.4,77,40,6.93,fog,0.0,0.0
201,Labuhan,ID,2019-11-16 01:31:57,-2.54,115.51,96.17,37,96,1.54,overcast clouds,0.0,0.0
202,Shingu,JP,2019-11-16 01:31:57,33.72,135.99,60.8,55,0,9.17,clear sky,0.0,0.0
203,Miri,NG,2019-11-16 01:31:57,10.31,9.75,72.73,30,10,5.7,clear sky,0.0,0.0
204,Los Llanos De Aridane,ES,2019-11-16 01:31:57,28.66,-17.92,64.4,72,75,13.87,broken clouds,0.0,0.0
205,Longyearbyen,NO,2019-11-16 01:31:58,78.22,15.63,32.0,97,75,16.11,light rain and snow,0.0,0.0
206,Kodiak,US,2019-11-16 01:31:58,39.95,-94.76,44.6,52,1,9.17,clear sky,0.0,0.0
207,Barra Do Corda,BR,2019-11-16 01:31:58,-5.5,-45.25,78.39,65,0,1.05,clear sky,0.0,0.0
208,Carballo,ES,2019-11-16 01:31:58,43.21,-8.69,51.01,100,75,3.36,light rain,0.0,0.0
209,Huancabamba,PE,2019-11-16 01:31:58,-5.24,-79.45,50.34,98,100,0.92,overcast clouds,0.0,0.0
210,Oyama,JP,2019-11-16 01:31:59,36.31,139.8,62.01,62,20,1.12,few clouds,0.0,0.0
211,Prabumulih,ID,2019-11-16 01:31:59,-3.5,104.19,91.94,51,85,2.68,overcast clouds,0.0,0.0
212,Ribeira Brava,PT,2019-11-16 01:31:59,32.65,-17.07,62.6,67,75,17.22,light intensity shower rain,0.0,0.0
213,Mandera,ET,2019-11-16 01:31:59,3.94,41.86,80.02,54,66,6.55,broken clouds,0.0,0.0
214,Rapid City,US,2019-11-16 01:27:42,44.08,-103.23,48.0,52,1,4.88,clear sky,0.0,0.0
215,Redlands,US,2019-11-16 01:32:00,34.06,-117.19,78.8,55,1,5.82,clear sky,0.0,0.0
216,Great Yarmouth,GB,2019-11-16 01:32:00,52.61,1.73,46.0,87,98,5.82,overcast clouds,0.0,0.0
217,Pueblo Nuevo,AR,2019-11-16 01:32:00,-32.93,-68.73,86.0,40,0,15.84,clear sky,0.0,0.0
218,Sitka,US,2019-11-16 01:32:01,37.17,-99.65,50.0,45,33,7.0,scattered clouds,0.0,0.0
219,Quanzhou,CN,2019-11-16 01:32:01,24.9,118.59,69.8,60,75,4.47,broken clouds,0.0,0.0
220,San Cristobal,HN,2019-11-16 01:32:01,14.68,-86.92,66.92,95,100,2.42,light rain,2.38,0.0
221,Shubarshi,KZ,2019-11-16 01:32:01,48.59,57.19,25.83,44,0,5.68,clear sky,0.0,0.0
222,Carangola,BR,2019-11-16 01:32:02,-20.73,-42.03,64.17,91,98,1.83,overcast clouds,0.0,0.0
223,Roald,NO,2019-11-16 01:32:02,62.58,6.12,32.0,52,67,6.93,broken clouds,0.0,0.0
224,Kisangani,CD,2019-11-16 01:32:02,0.52,25.21,69.94,98,100,2.46,light rain,2.19,0.0
225,Alice Springs,AU,2019-11-16 01:32:03,-23.7,133.88,87.8,8,0,9.17,clear sky,0.0,0.0
226,Fukue,JP,2019-11-16 01:32:03,35.03,136.69,63.0,58,20,6.93,few clouds,0.0,0.0
227,Oda,JP,2019-11-16 01:32:03,35.19,132.5,59.0,77,75,8.05,light intensity shower rain,0.0,0.0
228,Luanda,AO,2019-11-16 01:32:03,-8.83,13.24,78.8,83,75,2.24,broken clouds,0.0,0.0
229,Mago,RU,2019-11-16 01:32:03,53.27,140.15,4.21,91,48,5.26,scattered clouds,0.0,0.0
230,Hasaki,JP,2019-11-16 01:32:04,35.73,140.83,60.8,48,20,1.12,few clouds,0.0,0.0
231,Fortuna,US,2019-11-16 01:32:04,40.6,-124.16,57.99,93,90,8.05,overcast clouds,0.0,0.0
232,Aleksandrovsk-Sakhalinskiy,RU,2019-11-16 01:32:04,50.9,142.16,14.9,89,100,22.32,light snow,0.0,0.75
233,Lorengau,PG,2019-11-16 01:32:04,-2.02,147.27,84.85,68,0,1.86,clear sky,0.0,0.0
234,Buala,SB,2019-11-16 01:32:05,-8.15,159.59,86.05,62,94,5.53,overcast clouds,0.0,0.0
235,Katangli,RU,2019-11-16 01:32:05,51.71,143.23,9.9,72,96,7.63,overcast clouds,0.0,0.0
236,Mehran,IR,2019-11-16 01:32:05,33.12,46.17,48.2,29,0,6.93,clear sky,0.0,0.0
237,Pestravka,RU,2019-11-16 01:32:05,52.4,49.95,29.97,85,46,7.07,scattered clouds,0.0,0.0
238,Manali,IN,2019-11-16 01:32:06,32.25,77.19,44.85,68,100,9.89,light rain,2.31,0.0
239,Port-Cartier,CA,2019-11-16 01:32:06,50.03,-66.88,26.6,79,75,12.75,broken clouds,0.0,0.0
240,Rocha,UY,2019-11-16 01:32:06,-34.48,-54.34,53.53,87,13,5.1,few clouds,0.0,0.0
241,Auburn,US,2019-11-16 01:29:06,44.1,-70.23,43.0,59,1,5.82,clear sky,0.0,0.0
242,New Norfolk,AU,2019-11-16 01:32:07,-42.78,147.06,60.01,35,40,24.16,scattered clouds,0.0,0.0
243,Kabale,UG,2019-11-16 01:32:07,-1.26,29.99,54.3,88,100,4.47,overcast clouds,0.0,0.0
244,Farafangana,MG,2019-11-16 01:32:07,-22.82,47.83,77.94,86,88,17.56,light rain,2.69,0.0
245,Zhigansk,RU,2019-11-16 01:32:07,66.77,123.37,-5.1,94,99,17.29,overcast clouds,0.0,0.0
246,Hohhot,CN,2019-11-16 01:32:07,40.81,111.65,32.0,42,96,4.47,overcast clouds,0.0,0.0
247,Port Blair,IN,2019-11-16 01:32:08,11.67,92.75,82.49,75,100,4.76,light rain,0.19,0.0
248,Prado,CO,2019-11-16 01:32:08,3.75,-74.93,70.72,78,73,3.47,broken clouds,0.0,0.0
249,Palu,ID,2019-11-16 01:32:08,-0.9,119.87,86.65,50,0,2.37,clear sky,0.0,0.0
250,Lexington,US,2019-11-16 01:32:08,38.05,-84.5,35.6,80,1,8.99,clear sky,0.0,0.0
251,San Quintin,PH,2019-11-16 01:32:09,17.54,120.52,87.08,57,100,4.25,overcast clouds,0.0,0.0
252,Adrar,DZ,2019-11-16 01:32:09,27.87,-0.29,66.2,25,0,11.41,clear sky,0.0,0.0
253,Flinders,AU,2019-11-16 01:32:09,-34.58,150.85,73.99,52,75,13.87,broken clouds,0.0,0.0
254,Namatanai,PG,2019-11-16 01:32:09,-3.66,152.44,85.01,68,1,3.8,clear sky,0.0,0.0
255,Grindavik,IS,2019-11-16 01:32:09,63.84,-22.43,35.6,86,75,10.29,shower rain,0.0,0.0
256,Ciudad Bolivar,VE,2019-11-16 01:28:16,8.12,-63.55,82.17,64,65,6.06,broken clouds,0.0,0.0
257,Pevek,RU,2019-11-16 01:32:10,69.7,170.27,6.93,58,0,1.36,clear sky,0.0,0.0
258,Valer,ES,2019-11-16 01:32:10,41.76,-6.18,32.34,88,39,6.2,scattered clouds,0.0,0.0
259,Dikson,RU,2019-11-16 01:32:10,73.51,80.55,-2.11,90,0,5.61,clear sky,0.0,0.0
260,Codrington,AU,2019-11-16 01:32:11,-28.95,153.24,95.0,29,90,17.22,overcast clouds,0.0,0.0
261,Le Vauclin,MQ,2019-11-16 01:32:11,14.55,-60.84,78.8,88,4,3.36,clear sky,0.0,0.0
262,Mosjoen,NO,2019-11-16 01:29:49,65.84,13.19,39.2,80,100,13.87,overcast clouds,0.0,0.0
263,Tomatlan,MX,2019-11-16 01:32:12,19.93,-105.25,68.72,97,100,3.11,light rain,1.0,0.0
264,Ekhabi,RU,2019-11-16 01:32:12,53.51,142.97,16.88,75,100,12.57,overcast clouds,0.0,0.0
265,Adre,TD,2019-11-16 01:32:12,13.47,22.2,71.49,33,18,14.09,few clouds,0.0,0.0
266,Nelson Bay,AU,2019-11-16 01:32:13,-32.72,152.14,73.99,40,40,13.87,scattered clouds,0.0,0.0
267,Nhulunbuy,AU,2019-11-16 01:32:13,-12.18,136.78,87.8,58,75,9.17,broken clouds,0.0,0.0
268,Perth,AU,2019-11-16 01:29:10,-31.95,115.86,84.2,39,48,14.99,scattered clouds,0.0,0.0
269,Ewa Beach,US,2019-11-16 01:32:13,21.32,-158.01,84.2,66,75,12.75,broken clouds,0.0,0.0
270,Isangel,VU,2019-11-16 01:32:14,-19.55,169.27,86.0,48,75,13.87,broken clouds,0.0,0.0
271,Yangambi,CD,2019-11-16 01:32:14,0.77,24.47,71.04,92,100,1.9,light rain,0.44,0.0
272,Tilichiki,RU,2019-11-16 01:32:14,60.47,166.1,10.8,74,95,9.62,overcast clouds,0.0,0.0
273,Oktyabrskiy,RU,2019-11-16 01:32:14,55.61,37.97,35.01,92,20,6.71,few clouds,0.0,0.0
274,Cockburn Town,TC,2019-11-16 01:32:14,21.46,-71.14,81.37,78,3,13.27,clear sky,0.0,0.0
275,Itarema,BR,2019-11-16 01:32:15,-2.92,-39.92,75.45,85,0,5.55,clear sky,0.0,0.0
276,Ekibastuz,KZ,2019-11-16 01:32:15,51.72,75.32,0.14,73,23,8.01,few clouds,0.0,0.0
277,Chapais,CA,2019-11-16 01:32:15,49.78,-74.86,-2.2,77,90,10.29,light snow,0.0,0.0
278,Broome,GB,2019-11-16 01:32:15,52.47,1.45,46.0,87,98,5.82,overcast clouds,0.0,0.0
279,Anderson,US,2019-11-16 01:32:16,34.51,-82.65,50.0,87,90,9.19,light rain,0.0,0.0
280,Lunenburg,CA,2019-11-16 01:32:16,44.38,-64.32,45.0,89,50,1.99,scattered clouds,0.0,0.0
281,Maniitsoq,GL,2019-11-16 01:32:16,65.42,-52.9,30.85,66,100,16.75,snow,0.0,1.56
282,Trincomalee,LK,2019-11-16 01:32:16,8.58,81.23,81.52,81,12,2.53,light rain,0.13,0.0
283,Thiruvananthapuram,IN,2019-11-16 01:30:09,8.48,76.92,77.0,94,75,3.36,light rain,0.0,0.0
284,Bilibino,RU,2019-11-16 01:32:17,68.06,166.44,-1.21,55,2,1.86,clear sky,0.0,0.0
285,Mar Del Plata,AR,2019-11-16 01:32:17,-46.43,-67.52,58.75,30,92,23.15,overcast clouds,0.0,0.0
286,Luoyang,CN,2019-11-16 01:27:55,34.66,112.42,48.79,39,17,1.43,few clouds,0.0,0.0
287,Sarab,IR,2019-11-16 01:32:18,38.61,44.99,33.55,81,0,1.83,clear sky,0.0,0.0
288,Severo-Kurilsk,RU,2019-11-16 01:32:18,50.68,156.12,24.62,63,80,21.23,light snow,0.0,0.5
289,Yuzhno-Kurilsk,RU,2019-11-16 01:32:18,44.03,145.86,36.19,51,100,25.03,overcast clouds,0.0,0.0
290,Aksarka,RU,2019-11-16 01:32:18,66.56,67.8,10.44,94,100,13.96,light snow,0.0,1.38
291,Constitucion,MX,2019-11-16 01:32:19,23.99,-104.67,59.0,54,5,4.7,clear sky,0.0,0.0
292,Santa Maria,BR,2019-11-16 01:29:54,-16.02,-48.01,69.8,88,75,10.29,broken clouds,0.0,0.0
293,Maragogi,BR,2019-11-16 01:32:19,-9.01,-35.22,78.69,77,75,16.06,broken clouds,0.0,0.0
294,Victoria,BN,2019-11-16 01:30:58,5.28,115.24,82.4,83,75,2.24,broken clouds,0.0,0.0
295,Jobat,IN,2019-11-16 01:32:19,22.42,74.57,71.58,50,0,7.27,clear sky,0.0,0.0
296,Cambrai,AU,2019-11-16 01:32:20,-34.65,139.28,66.99,47,33,5.01,scattered clouds,0.0,0.0
297,Teeli,RU,2019-11-16 01:32:20,51.01,90.2,-12.82,68,57,5.66,broken clouds,0.0,0.0
298,Vanimo,PG,2019-11-16 01:32:20,-2.67,141.3,84.88,69,73,9.98,broken clouds,0.0,0.0
299,Saint-Augustin,CA,2019-11-16 01:32:20,45.63,-73.98,27.0,53,40,10.29,scattered clouds,0.0,0.0
300,Saint-Pierre,FR,2019-11-16 01:32:20,48.95,4.24,37.99,100,0,12.75,clear sky,0.0,0.0
301,Lompoc,US,2019-11-16 01:32:21,34.64,-120.46,66.0,77,1,12.75,clear sky,0.0,0.0
302,Rawson,AR,2019-11-16 01:32:21,-43.3,-65.11,61.59,40,60,19.51,broken clouds,0.0,0.0
303,Newcastle,AU,2019-11-16 01:27:48,-32.93,151.78,79.0,40,40,13.87,scattered clouds,0.0,0.0
304,Antibes,FR,2019-11-16 01:30:02,43.58,7.11,46.4,87,75,12.75,broken clouds,0.0,0.0
305,Flagstaff,US,2019-11-16 01:31:01,35.2,-111.65,66.99,36,1,3.49,clear sky,0.0,0.0
306,Yonezawa,JP,2019-11-16 01:32:22,37.88,140.12,55.0,87,75,3.36,light intensity shower rain,0.0,0.0
307,Voi,KE,2019-11-16 01:32:22,-3.4,38.57,69.37,90,41,3.51,scattered clouds,0.0,0.0
308,Beaucaire,FR,2019-11-16 01:32:22,43.81,4.64,42.8,93,100,4.7,overcast clouds,0.0,0.0
309,Tupiza,BO,2019-11-16 01:32:22,-21.44,-65.72,49.93,66,82,7.07,broken clouds,0.0,0.0
310,Omboue,GA,2019-11-16 01:32:22,-1.57,9.26,72.91,94,100,2.71,light rain,2.19,0.0
311,Dayong,CN,2019-11-16 01:32:23,25.02,118.29,69.8,60,75,4.47,broken clouds,0.0,0.0
312,Cayenne,GF,2019-11-16 01:32:23,4.94,-52.33,75.2,88,27,2.24,scattered clouds,0.0,0.0
313,Nichinan,JP,2019-11-16 01:32:23,31.65,131.31,59.0,44,20,5.82,few clouds,0.0,0.0
314,Paita,PE,2019-11-16 01:32:23,-5.09,-81.11,68.0,79,100,7.02,overcast clouds,0.0,0.0
315,Derzhavinsk,KZ,2019-11-16 01:32:24,51.1,66.31,17.31,60,11,9.4,few clouds,0.0,0.0
316,Stabat,ID,2019-11-16 01:32:24,3.76,98.46,82.4,94,40,5.82,scattered clouds,0.0,0.0
317,Aracatuba,BR,2019-11-16 01:29:52,-21.21,-50.43,75.29,79,16,5.19,light rain,0.5,0.0
318,Elko,US,2019-11-16 01:32:24,40.83,-115.76,53.6,32,75,4.72,broken clouds,0.0,0.0
319,Emerald,AU,2019-11-16 01:32:24,-23.53,148.16,93.0,33,0,8.05,clear sky,0.0,0.0
320,Makaha,US,2019-11-16 01:32:25,21.47,-158.22,84.2,69,1,0.27,clear sky,0.0,0.0
321,Mayo,CA,2019-11-16 01:32:25,63.59,-135.9,3.2,71,90,10.29,light snow,0.0,0.0
322,Umm Lajj,SA,2019-11-16 01:32:25,25.02,37.27,71.76,75,11,5.57,few clouds,0.0,0.0
323,Billings,US,2019-11-16 01:32:25,45.79,-108.5,51.8,34,40,19.46,scattered clouds,0.0,0.0
324,Kichera,RU,2019-11-16 01:32:26,55.93,110.1,-7.98,79,0,5.61,clear sky,0.0,0.0
325,Nantucket,US,2019-11-16 01:32:26,41.28,-70.1,48.2,70,1,10.29,clear sky,0.0,0.0
326,Souillac,FR,2019-11-16 01:32:26,45.6,-0.6,43.0,93,75,6.93,broken clouds,0.0,0.0
327,Male,UA,2019-11-16 01:32:26,50.74,33.7,39.49,77,87,10.78,overcast clouds,0.0,0.0
328,Vardo,US,2019-11-16 01:32:26,39.62,-77.74,41.0,82,1,4.7,clear sky,0.0,0.0
329,Saint-Georges,CA,2019-11-16 01:32:27,46.12,-70.67,18.0,42,100,8.99,light snow,0.0,0.25
330,Kasongo-Lunda,CD,2019-11-16 01:32:27,-6.48,16.82,67.5,99,100,1.21,moderate rain,4.19,0.0
331,Port Hedland,AU,2019-11-16 01:32:27,-20.31,118.58,105.8,12,37,10.29,scattered clouds,0.0,0.0
332,Ellisras,ZA,2019-11-16 01:32:27,-23.67,27.74,68.95,52,0,8.79,clear sky,0.0,0.0
333,Ust-Nera,RU,2019-11-16 01:32:28,64.57,143.24,-4.43,96,66,3.8,broken clouds,0.0,0.0
334,Madang,CN,2019-11-16 01:32:28,35.32,102.79,41.22,39,18,7.56,few clouds,0.0,0.0
335,Ahipara,NZ,2019-11-16 01:32:28,-35.17,173.16,63.09,83,0,11.27,clear sky,0.0,0.0
336,Trelew,AR,2019-11-16 01:28:40,-43.25,-65.31,66.45,14,19,24.2,few clouds,0.0,0.0
337,Guadalajara,ES,2019-11-16 01:30:18,40.63,-3.16,41.0,86,20,5.73,few clouds,0.0,0.0
338,Bathsheba,BB,2019-11-16 01:32:29,13.22,-59.52,78.8,83,20,6.93,few clouds,0.0,0.0
339,Toshkivka,UA,2019-11-16 01:32:29,48.78,38.58,37.67,81,0,12.71,clear sky,0.0,0.0
340,Tupancireta,BR,2019-11-16 01:32:30,-29.08,-53.84,56.28,94,0,7.9,clear sky,0.0,0.0
341,Aklavik,CA,2019-11-16 01:32:30,68.22,-135.01,-5.8,75,20,5.44,few clouds,0.0,0.0
342,Ola,RU,2019-11-16 01:32:30,59.58,151.3,25.14,68,100,32.99,overcast clouds,0.0,0.0
343,Cudahy,US,2019-11-16 01:30:40,33.96,-118.19,66.99,68,1,3.0,clear sky,0.0,0.0
344,San Felipe,CL,2019-11-16 01:32:31,-32.75,-70.73,57.51,47,0,2.53,clear sky,0.0,0.0
345,Akhtubinsk,RU,2019-11-16 01:32:31,48.29,46.17,32.63,73,0,8.97,clear sky,0.0,0.0
346,Luxor,EG,2019-11-16 01:32:31,25.7,32.65,66.2,63,65,10.74,broken clouds,0.0,0.0
347,Bitung,ID,2019-11-16 01:32:31,1.44,125.19,87.8,58,40,3.36,scattered clouds,0.0,0.0
348,Hofn,IS,2019-11-16 01:32:31,64.25,-15.21,43.66,61,92,22.12,overcast clouds,0.0,0.0
349,Abay,KZ,2019-11-16 01:32:32,49.63,72.87,-2.2,77,0,6.71,clear sky,0.0,0.0
350,Kerman,IR,2019-11-16 01:32:32,30.29,57.06,23.0,11,11,4.7,few clouds,0.0,0.0
351,Urusha,RU,2019-11-16 01:32:32,54.05,122.9,-0.62,74,63,6.06,broken clouds,0.0,0.0
352,Boldumsaz,TM,2019-11-16 01:32:32,42.13,59.67,26.6,85,17,9.17,few clouds,0.0,0.0
353,Uetendorf,CH,2019-11-16 01:32:32,46.77,7.57,39.99,93,40,2.24,fog,0.0,0.0
354,Kiunga,PG,2019-11-16 01:32:33,-6.12,141.3,90.43,55,80,2.51,broken clouds,0.0,0.0
355,Aksu,KZ,2019-11-16 01:32:33,52.04,76.93,-5.8,83,32,6.71,scattered clouds,0.0,0.0
356,Soyo,AO,2019-11-16 01:32:33,-6.13,12.37,76.86,91,100,3.09,moderate rain,6.75,0.0
357,Bouca,CF,2019-11-16 01:32:33,6.51,18.28,71.65,71,99,1.19,overcast clouds,0.0,0.0
358,Skelleftea,SE,2019-11-16 01:32:34,64.75,20.95,15.8,92,95,3.36,overcast clouds,0.0,0.0
359,Geraldton,CA,2019-11-16 01:32:34,49.72,-86.95,-5.8,76,5,3.24,clear sky,0.0,0.0
360,Abaza,RU,2019-11-16 01:32:34,52.65,90.1,-13.09,91,95,4.27,overcast clouds,0.0,0.0
361,Tura,RU,2019-11-16 01:32:34,64.27,100.22,-27.49,98,64,0.67,broken clouds,0.0,0.0
362,Garowe,SO,2019-11-16 01:32:34,8.41,48.48,71.26,65,0,6.78,clear sky,0.0,0.0
363,La Ronge,CA,2019-11-16 01:32:35,55.1,-105.3,24.8,73,90,10.29,overcast clouds,0.0,0.0
364,Bakaly,RU,2019-11-16 01:32:35,55.18,53.8,29.21,83,58,10.02,broken clouds,0.0,0.0
365,Tonder,DK,2019-11-16 01:32:35,54.93,8.87,46.4,93,75,6.93,mist,0.0,0.0
366,Niteroi,BR,2019-11-16 01:32:35,-29.95,-51.16,68.0,72,0,6.93,clear sky,0.0,0.0
367,Mastic Beach,US,2019-11-16 01:32:35,40.77,-72.85,46.0,59,1,4.7,clear sky,0.0,0.0
368,Tazovskiy,RU,2019-11-16 01:32:36,67.47,78.7,-12.69,94,100,18.86,overcast clouds,0.0,0.0
369,El Alto,BO,2019-11-16 01:32:36,-16.5,-68.19,44.6,81,40,2.24,scattered clouds,0.0,0.0
370,Taber,CA,2019-11-16 01:29:33,49.79,-112.14,48.99,62,40,38.03,scattered clouds,0.0,0.0
371,Martinopolis,BR,2019-11-16 01:32:36,-22.15,-51.17,77.0,44,0,3.36,clear sky,0.0,0.0
372,Bonavista,CA,2019-11-16 01:32:37,48.65,-53.11,37.99,82,100,8.99,overcast clouds,0.0,0.0
373,Sao Desiderio,BR,2019-11-16 01:32:37,-12.36,-44.97,75.45,67,100,3.56,overcast clouds,0.0,0.0
374,Palmer,AU,2019-11-16 01:32:37,-34.85,139.16,66.99,44,75,16.11,broken clouds,0.0,0.0
375,Kenai,US,2019-11-16 01:28:08,60.55,-151.26,37.99,74,75,16.11,broken clouds,0.0,0.0
376,Moose Factory,CA,2019-11-16 01:32:37,51.26,-80.61,5.0,65,1,13.87,clear sky,0.0,0.0
377,Iqaluit,CA,2019-11-16 01:32:38,63.75,-68.52,19.4,57,90,8.05,overcast clouds,0.0,0.0
378,Sobolevo,RU,2019-11-16 01:32:38,54.43,31.9,36.03,86,85,9.22,overcast clouds,0.0,0.0
379,Dalhousie,CA,2019-11-16 01:32:38,48.06,-66.37,30.2,86,75,19.46,light snow,0.0,0.0
380,Nome,US,2019-11-16 01:32:38,30.04,-94.42,52.0,81,1,5.57,clear sky,0.0,0.0
381,Aberdeen,US,2019-11-16 01:32:39,46.98,-123.82,53.6,100,90,5.82,overcast clouds,0.0,0.0
382,Acton Vale,CA,2019-11-16 01:32:39,45.65,-72.56,30.0,53,1,21.92,light snow,0.0,0.0
383,Manokwari,ID,2019-11-16 01:32:39,-0.87,134.08,81.05,66,89,3.85,overcast clouds,0.0,0.0
384,Portland,US,2019-11-16 01:32:39,43.66,-70.25,43.0,48,40,13.87,scattered clouds,0.0,0.0
385,Matara,BI,2019-11-16 01:32:40,-3.48,29.48,58.3,86,100,3.94,overcast clouds,0.0,0.0
386,Richards Bay,ZA,2019-11-16 01:32:40,-28.77,32.06,70.05,79,3,22.86,clear sky,0.0,0.0
387,Marabba,SD,2019-11-16 01:32:40,12.35,32.18,77.45,24,33,5.41,scattered clouds,0.0,0.0
388,Paamiut,GL,2019-11-16 01:32:40,61.99,-49.67,27.84,86,100,13.4,light snow,0.0,1.06
389,Nemuro,JP,2019-11-16 01:32:41,43.32,145.57,35.6,43,75,10.29,broken clouds,0.0,0.0
390,Nexo,DK,2019-11-16 01:32:41,55.06,15.13,48.2,93,100,13.87,overcast clouds,0.0,0.0
391,Murmashi,RU,2019-11-16 01:32:41,68.82,32.82,26.6,86,75,8.95,broken clouds,0.0,0.0
392,Keti Bandar,PK,2019-11-16 01:32:41,24.14,67.45,71.42,65,0,18.95,clear sky,0.0,0.0
393,Basco,US,2019-11-16 01:32:41,40.33,-91.2,41.0,69,1,4.34,clear sky,0.0,0.0
394,Resistencia,AR,2019-11-16 01:32:42,-27.45,-58.99,73.4,64,0,6.93,clear sky,0.0,0.0
395,Nchelenge,ZM,2019-11-16 01:32:42,-9.35,28.74,70.65,85,100,6.82,overcast clouds,0.0,0.0
396,Senaki,GE,2019-11-16 01:32:42,42.27,42.06,55.4,50,0,20.8,clear sky,0.0,0.0
397,Vikhorevka,RU,2019-11-16 01:32:42,56.12,101.17,-14.8,75,75,6.71,light shower snow,0.0,0.0
398,Priargunsk,RU,2019-11-16 01:32:43,50.37,119.09,10.02,51,0,7.25,clear sky,0.0,0.0
399,Mae Sai,MM,2019-11-16 01:32:43,20.44,99.89,73.0,94,20,1.88,few clouds,0.0,0.0
400,Okha,RU,2019-11-16 01:32:43,53.59,142.95,16.88,75,100,12.57,overcast clouds,0.0,0.0
401,Rio Grande,BR,2019-11-16 01:29:07,-32.03,-52.1,62.01,92,21,11.5,few clouds,0.0,0.0
402,Areosa,PT,2019-11-16 01:32:43,41.72,-8.86,44.01,81,0,6.93,clear sky,0.0,0.0
403,Bulanash,RU,2019-11-16 01:32:44,57.28,62.0,29.93,87,76,11.74,broken clouds,0.0,0.0
404,San Francisco Del Mar,MX,2019-11-16 01:32:44,16.34,-94.51,72.73,65,3,12.8,clear sky,0.0,0.0
405,Naze,NG,2019-11-16 01:32:44,5.43,7.07,74.46,96,100,2.24,overcast clouds,0.0,0.0
406,Passo De Camaragibe,BR,2019-11-16 01:32:44,-9.24,-35.49,73.4,88,20,4.7,few clouds,0.0,0.0
407,Lakatoro,VU,2019-11-16 01:32:45,-16.11,167.42,80.22,72,67,16.24,broken clouds,0.0,0.0
408,Aguimes,ES,2019-11-16 01:32:45,27.91,-15.45,64.0,72,75,24.16,broken clouds,0.0,0.0
409,Longyan,CN,2019-11-16 01:32:45,25.1,117.03,76.53,41,0,1.66,clear sky,0.0,0.0
410,Kavieng,PG,2019-11-16 01:32:45,-2.57,150.8,84.99,68,56,5.55,broken clouds,0.0,0.0
411,Sinnamary,GF,2019-11-16 01:32:46,5.38,-52.96,82.63,80,0,14.76,clear sky,0.0,0.0
412,Ende,ID,2019-11-16 01:32:46,-8.84,121.65,82.35,73,0,12.68,clear sky,0.0,0.0
413,Eersel,NL,2019-11-16 01:32:46,51.36,5.32,39.99,93,90,1.12,overcast clouds,0.0,0.0
414,Ipojuca,BR,2019-11-16 01:32:46,-8.4,-35.06,80.6,74,40,8.05,scattered clouds,0.0,0.0
415,Sapernoye,RU,2019-11-16 01:32:47,60.72,29.95,35.01,92,100,5.46,overcast clouds,0.0,0.0
416,Banda Aceh,ID,2019-11-16 01:32:47,5.56,95.32,84.61,65,28,3.83,scattered clouds,0.0,0.0
417,Salalah,OM,2019-11-16 01:32:47,17.01,54.1,77.0,65,20,2.24,few clouds,0.0,0.0
418,Ciudad Del Maiz,MX,2019-11-16 01:30:19,22.4,-99.6,57.99,64,69,7.0,broken clouds,0.0,0.0
419,Vila Velha,BR,2019-11-16 01:32:47,-3.71,-38.6,80.6,74,75,11.41,broken clouds,0.0,0.0
420,Sisimiut,GL,2019-11-16 01:32:48,66.94,-53.67,21.02,93,100,8.01,light snow,0.0,1.44
421,Zaysan,KZ,2019-11-16 01:32:48,47.47,84.87,8.19,47,0,13.65,clear sky,0.0,0.0
422,Bereda,ES,2019-11-16 01:32:49,43.27,-7.54,48.2,81,40,6.93,light rain,0.0,0.0
423,Novosokolniki,RU,2019-11-16 01:32:49,56.35,30.15,33.08,97,82,3.89,broken clouds,0.0,0.0
424,Barra Patuca,HN,2019-11-16 01:32:49,15.8,-84.28,82.53,75,100,12.28,light rain,0.81,0.0
425,Hammerfest,NO,2019-11-16 01:32:49,70.66,23.68,33.8,94,75,1.12,shower sleet,0.0,0.0
426,Ramnagar,IN,2019-11-16 01:32:50,27.17,84.33,74.57,63,100,3.96,overcast clouds,0.0,0.0
427,Chumikan,RU,2019-11-16 01:32:50,54.72,135.31,5.94,86,100,15.28,light snow,0.0,0.19
428,Biak,ID,2019-11-16 01:32:50,-0.91,122.88,81.19,68,0,7.34,clear sky,0.0,0.0
429,Halifax,CA,2019-11-16 01:31:41,44.65,-63.58,45.0,93,75,9.17,broken clouds,0.0,0.0
430,Sola,TZ,2019-11-16 01:32:51,-3.17,33.8,66.06,78,100,5.55,overcast clouds,0.0,0.0
431,Port Hawkesbury,CA,2019-11-16 01:32:51,45.62,-61.36,46.0,87,90,12.75,overcast clouds,0.0,0.0
432,Goshen,US,2019-11-16 01:32:51,41.58,-85.83,35.6,86,90,5.12,overcast clouds,0.0,0.0
433,Mangan,IN,2019-11-16 01:32:51,27.5,88.54,59.22,47,0,3.36,clear sky,0.0,0.0
434,Amahai,ID,2019-11-16 01:32:52,-3.31,129.0,81.09,73,22,3.18,few clouds,0.0,0.0
435,Pangai,TO,2019-11-16 01:32:52,-19.8,-174.35,80.6,65,20,10.29,few clouds,0.0,0.0
436,Taizhou,CN,2019-11-16 01:32:52,32.48,119.91,75.0,51,78,3.49,broken clouds,0.0,0.0
437,Viedma,AR,2019-11-16 01:32:52,-40.81,-62.99,64.11,41,67,9.57,broken clouds,0.0,0.0
438,Igrim,RU,2019-11-16 01:32:52,63.19,64.42,35.17,89,100,15.21,light snow,0.0,0.19
439,Laguna,BZ,2019-11-16 01:32:53,16.17,-88.94,80.6,83,40,3.36,scattered clouds,0.0,0.0
440,Miles City,US,2019-11-16 01:32:53,46.41,-105.84,48.2,66,1,5.82,clear sky,0.0,0.0
441,Kurush,RU,2019-11-16 01:32:53,41.28,47.83,41.0,86,90,6.93,light rain,0.0,0.0
442,Zhuhai,CN,2019-11-16 01:32:54,40.71,112.04,32.0,30,73,4.47,broken clouds,0.0,0.0
443,Alyangula,AU,2019-11-16 01:32:54,-13.85,136.42,87.8,62,75,8.05,broken clouds,0.0,0.0
444,Kovdor,RU,2019-11-16 01:32:54,67.56,30.47,20.16,96,94,4.81,overcast clouds,0.0,0.0
445,Gympie,AU,2019-11-16 01:32:54,-26.2,152.66,90.0,40,0,1.99,clear sky,0.0,0.0
446,Colon,PH,2019-11-16 01:32:55,10.22,123.75,86.0,70,90,4.7,overcast clouds,0.0,0.0
447,Jaypur,IN,2019-11-16 01:32:55,23.05,87.44,77.25,64,0,3.62,clear sky,0.0,0.0
448,Sehithwa,BW,2019-11-16 01:32:55,-20.47,22.7,75.79,14,81,6.8,broken clouds,0.0,0.0
449,Oussouye,SN,2019-11-16 01:32:55,12.49,-16.54,78.8,74,100,2.24,overcast clouds,0.0,0.0
450,Cabedelo,BR,2019-11-16 01:32:55,-6.97,-34.84,78.8,83,20,8.05,few clouds,0.0,0.0
451,Jussara,BR,2019-11-16 01:32:56,-15.87,-50.87,71.65,90,100,2.95,light rain,2.5,0.0
452,Dutlwe,BW,2019-11-16 01:32:56,-23.98,23.93,69.01,22,0,5.14,clear sky,0.0,0.0
453,Mandeville,US,2019-11-16 01:32:56,30.36,-90.07,55.4,70,1,3.36,clear sky,0.0,0.0
454,Baijiantan,CN,2019-11-16 01:32:56,45.63,85.18,30.76,17,0,6.64,clear sky,0.0,0.0
455,Mecca,SA,2019-11-16 01:32:42,21.43,39.83,75.81,66,33,2.19,scattered clouds,0.0,0.0
456,Tiznit,MA,2019-11-16 01:32:57,29.7,-9.73,47.03,66,0,17.69,clear sky,0.0,0.0
457,Garoua,CM,2019-11-16 01:32:57,9.31,13.39,71.6,73,23,3.36,few clouds,0.0,0.0
458,Belyy,RU,2019-11-16 01:32:57,55.83,32.94,35.35,87,100,7.09,overcast clouds,0.0,0.0
459,Kalmunai,LK,2019-11-16 01:32:58,7.42,81.82,82.62,74,58,4.92,light rain,2.81,0.0
460,Kabinda,CD,2019-11-16 01:32:58,-6.14,24.49,68.7,91,94,1.99,overcast clouds,0.0,0.0
461,Narsaq,GL,2019-11-16 01:32:59,60.91,-46.05,24.8,53,84,8.05,broken clouds,0.0,0.0
462,Deputatskiy,RU,2019-11-16 01:32:59,69.3,139.9,-8.77,100,63,0.47,broken clouds,0.0,0.0
463,Sao Filipe,CV,2019-11-16 01:32:59,14.9,-24.5,72.34,76,98,8.5,overcast clouds,0.0,0.0
464,Port Hardy,CA,2019-11-16 01:32:59,50.7,-127.42,48.2,93,75,5.82,broken clouds,0.0,0.0
465,La Cruz,MX,2019-11-16 01:32:59,23.92,-106.89,77.0,72,0,3.22,clear sky,0.0,0.0
466,Helong,CN,2019-11-16 01:33:00,25.94,116.13,75.94,37,0,2.84,clear sky,0.0,0.0
467,Parksville,US,2019-11-16 01:33:00,33.79,-82.22,44.6,100,90,11.41,light intensity drizzle,0.0,0.0
468,Santa Cruz,BR,2019-11-16 01:33:00,-6.22,-36.02,73.85,80,87,8.72,overcast clouds,0.0,0.0
469,Nouadhibou,MR,2019-11-16 01:33:01,20.93,-17.03,68.0,72,82,17.22,broken clouds,0.0,0.0
470,Springbok,ZA,2019-11-16 01:33:01,-29.67,17.88,58.95,55,0,4.94,clear sky,0.0,0.0
471,Saint Anthony,US,2019-11-16 01:33:01,43.97,-111.68,50.0,52,75,3.22,broken clouds,0.0,0.0
472,Novyy Urgal,RU,2019-11-16 01:33:01,51.07,132.56,-3.15,75,95,3.2,overcast clouds,0.0,0.0
473,Strezhevoy,RU,2019-11-16 01:33:01,60.73,77.6,-4.0,83,100,8.95,overcast clouds,0.0,0.0
474,Morgan City,US,2019-11-16 01:33:02,29.7,-91.21,53.01,57,1,9.17,clear sky,0.0,0.0
475,Verkh-Usugli,RU,2019-11-16 01:33:02,52.7,115.17,4.39,52,0,1.61,clear sky,0.0,0.0
476,Saint-Joseph,FR,2019-11-16 01:33:02,43.56,6.97,46.4,87,75,3.36,broken clouds,0.0,0.0
477,Khandbari,NP,2019-11-16 01:33:02,27.38,87.21,56.95,52,1,3.53,clear sky,0.0,0.0
478,Knyaze-Volkonskoye,RU,2019-11-16 01:33:03,48.46,135.46,5.0,71,90,22.37,light shower snow,0.0,0.0
479,Rio Gallegos,AR,2019-11-16 01:33:03,-51.62,-69.22,48.2,76,75,10.29,broken clouds,0.0,0.0
480,Atar,MR,2019-11-16 01:33:03,20.52,-13.05,73.74,28,69,8.99,broken clouds,0.0,0.0
481,Palana,RU,2019-11-16 01:33:03,59.08,159.95,31.21,73,100,20.04,overcast clouds,0.0,0.0
482,Cataguases,BR,2019-11-16 01:32:47,-21.39,-42.7,71.01,99,100,3.0,light rain,2.13,0.0
483,El Carmen,AR,2019-11-16 01:33:04,-24.39,-65.26,77.0,44,92,5.82,overcast clouds,0.0,0.0
484,Mwene-Ditu,CD,2019-11-16 01:33:04,-7.01,23.45,66.76,93,100,2.08,light rain,0.19,0.0
485,Sao Felix Do Xingu,BR,2019-11-16 01:33:04,-6.64,-51.99,72.21,94,17,0.72,light rain,0.88,0.0
486,Makakilo City,US,2019-11-16 01:33:04,21.35,-158.09,84.2,69,1,0.27,clear sky,0.0,0.0
487,Port Lincoln,AU,2019-11-16 01:33:05,-34.72,135.86,60.91,51,0,11.18,clear sky,0.0,0.0
488,Petropavlovsk-Kamchatskiy,RU,2019-11-16 01:33:05,53.05,158.65,24.8,85,18,4.47,few clouds,0.0,0.0
489,Havoysund,NO,2019-11-16 01:33:05,71.0,24.66,33.8,77,75,1.12,shower sleet,0.0,0.0
490,Dunedin,NZ,2019-11-16 01:31:56,-45.87,170.5,50.99,89,37,17.38,light rain,2.5,0.0
491,Rafaela,AR,2019-11-16 01:33:06,-31.25,-61.49,77.0,41,0,4.0,clear sky,0.0,0.0
492,Goderich,CA,2019-11-16 01:33:06,43.74,-81.71,34.0,79,97,21.0,overcast clouds,0.0,0.06
493,Tripoli,GR,2019-11-16 01:33:06,37.51,22.37,61.0,87,74,3.36,broken clouds,0.0,0.0
494,Yarmouth,CA,2019-11-16 01:33:06,43.84,-66.12,48.0,61,20,18.34,few clouds,0.0,0.0
495,Andijon,UZ,2019-11-16 01:33:06,40.76,72.37,45.0,69,75,6.71,smoke,0.0,0.0
496,Westport,US,2019-11-16 01:31:38,41.14,-73.36,48.2,42,1,8.05,clear sky,0.0,0.0
497,Arroyo,BO,2019-11-16 01:33:07,-11.08,-66.08,72.73,99,100,2.21,light rain,1.19,0.0
498,Kentau,KZ,2019-11-16 01:33:07,43.52,68.5,35.28,46,0,8.9,clear sky,0.0,0.0
499,Karaton,ID,2019-11-16 01:33:07,-6.34,106.1,86.0,51,20,5.82,few clouds,0.0,0.0
500,Maningrida,AU,2019-11-16 01:33:07,-12.05,134.23,92.95,44,98,12.62,overcast clouds,0.0,0.0
501,Beaverlodge,CA,2019-11-16 01:33:08,55.21,-119.43,39.2,79,40,8.05,scattered clouds,0.0,0.0
502,Pimentel,BR,2019-11-16 01:33:08,-3.7,-45.5,76.14,79,0,5.19,clear sky,0.0,0.0
503,Hami,CN,2019-11-16 01:33:08,42.84,93.51,36.14,23,33,15.77,scattered clouds,0.0,0.0
504,Mana,NG,2019-11-16 01:33:08,13.03,5.27,76.15,22,83,4.07,broken clouds,0.0,0.0
505,Agbor,NG,2019-11-16 01:33:08,6.26,6.15,73.42,99,100,1.72,overcast clouds,0.0,0.0
506,Abha,SA,2019-11-16 01:33:09,18.22,42.5,55.4,76,38,0.13,scattered clouds,0.0,0.0
507,Tanete,ID,2019-11-16 01:33:09,-3.94,119.78,95.72,33,0,10.33,clear sky,0.0,0.0
508,High Level,CA,2019-11-16 01:33:09,58.52,-117.13,12.2,92,20,5.82,few clouds,0.0,0.0
509,Evensk,RU,2019-11-16 01:33:09,61.92,159.24,17.28,66,5,12.64,clear sky,0.0,0.0
510,Bouna,CI,2019-11-16 01:33:10,9.27,-3.0,77.09,65,81,3.51,broken clouds,0.0,0.0
511,Klaksvik,FO,2019-11-16 01:33:10,62.23,-6.59,37.4,74,100,10.29,light rain,0.19,0.0
512,Chibuto,MZ,2019-11-16 01:33:10,-24.69,33.53,69.08,76,0,10.07,clear sky,0.0,0.0
513,Rutesheim,DE,2019-11-16 01:33:10,48.81,8.95,41.0,100,40,1.12,light rain,0.0,0.0
514,Haimen,CN,2019-11-16 01:33:11,31.87,121.18,84.0,62,33,5.03,scattered clouds,0.0,0.0
515,Rawatbhata,IN,2019-11-16 01:33:11,24.93,75.59,71.1,47,0,3.83,clear sky,0.0,0.0
516,Lufilufi,WS,2019-11-16 01:33:11,-13.87,-171.6,86.0,66,31,5.99,scattered clouds,0.0,0.0
517,Kijang,KR,2019-11-16 01:33:11,35.24,129.21,55.4,71,20,3.36,few clouds,0.0,0.0
518,Alcantara,PH,2019-11-16 01:33:11,9.97,123.41,80.28,81,100,6.69,light rain,1.06,0.0
519,Lebork,PL,2019-11-16 01:33:12,54.54,17.75,46.0,100,90,11.41,light intensity drizzle,0.0,0.0
520,San Policarpo,PH,2019-11-16 01:33:12,12.18,125.51,83.86,82,100,6.46,moderate rain,4.19,0.0
521,Oranjemund,ZA,2019-11-16 01:33:12,-28.55,16.43,62.19,89,100,11.36,light rain,0.13,0.0
522,Dustlik,UZ,2019-11-16 01:33:13,40.53,68.03,43.5,34,100,4.59,overcast clouds,0.0,0.0
523,Lodja,CD,2019-11-16 01:33:13,-3.52,23.6,69.42,98,100,1.81,light rain,1.75,0.0
524,Aloleng,PH,2019-11-16 01:33:13,16.13,119.78,86.0,62,46,2.73,scattered clouds,0.0,0.0
525,Desbiens,CA,2019-11-16 01:33:13,48.42,-71.95,17.01,60,20,27.51,few clouds,0.0,0.0
526,Byron Bay,AU,2019-11-16 01:32:05,-28.65,153.62,95.0,94,90,18.34,overcast clouds,0.0,0.0
527,Puerto Suarez,BO,2019-11-16 01:33:14,-18.96,-57.8,70.54,84,100,1.61,overcast clouds,0.0,0.0
528,Tecoanapa,MX,2019-11-16 01:33:14,16.99,-99.26,82.4,74,75,9.17,broken clouds,0.0,0.0
529,Lasa,CY,2019-11-16 01:33:14,34.92,32.53,68.0,77,14,3.36,few clouds,0.0,0.0
530,Salinopolis,BR,2019-11-16 01:33:14,-0.61,-47.36,81.32,81,0,19.22,clear sky,0.0,0.0
531,Leshukonskoye,RU,2019-11-16 01:33:15,64.9,45.76,30.15,89,83,10.42,broken clouds,0.0,0.0
532,Dahanu,IN,2019-11-16 01:33:15,19.97,72.73,81.28,69,0,6.13,clear sky,0.0,0.0
533,Huntsville,US,2019-11-16 01:30:30,34.73,-86.59,45.0,56,1,12.75,clear sky,0.0,0.0
534,Aldergrove,CA,2019-11-16 01:33:15,49.06,-122.49,54.0,87,20,8.05,few clouds,0.0,0.0
535,Puerto Palomas,US,2019-11-16 01:33:15,31.78,-107.63,53.6,34,1,4.7,clear sky,0.0,0.0
536,Xucheng,CN,2019-11-16 01:33:16,33.0,118.51,71.87,24,0,4.5,clear sky,0.0,0.0
537,Isla Vista,US,2019-11-16 01:31:00,34.41,-119.86,63.0,72,1,9.17,clear sky,0.0,0.0
